Gillease,Shandeigh
Bertelsen,Rosette
Noades,Mylo
Nell,Melonie
Noonan,Lishe
Sutterby,Archaimbaud
Rau,Ted
Spellacey,Colver
Hawke,Baxy
Scarsbrook,Israel
Fruchon,Darsie
Gledhill,Lawrence
Huey,Odell
Miall,Madalyn
Scotchbourouge,Sayre
Wrighton,Rory
Peteri,Birdie
Gercken,Sarene
Lindegard,Ly
Gasker,Tabor
De Simoni,Tedd
Imesen,Bunny
Ballintyne,Kattie
Benois,Scotti
Filochov,Fay
Perle,Kare
Bernuzzi,Cosme
Moppett,Stanfield
Farndell,Hillyer
Cockarill,Caren
Gilliam,Norri
Gervaise,Bradan
Dormer,Jonas
Burbank,Red
Simmins,Kippy
Recke,Ingar
Edmondson,Malia
Cassam,Hugibert
Coultass,Inglebert
Hugli,Elizabeth
Fierro,Rhys
Lucas,Samara
Rosbotham,Jyoti
Rayer,Franny
Stuckow,Normie
Lawday,Sawyer
Gareisr,Rubetta
Flather,Helen
Maypes,Rorke
Vedenichev,Sherilyn
Stoter,Siffre
Balsom,Kerry
Popworth,Kylen
Leese,Olivero
Hitzschke,Rogers
Sheron,Nanny
Shutt,Ralina
Corsham,Helyn
Fegan,Garret
Gooda,Baird
Windle,Salvador
Szymonwicz,Fara
Sellick,Avictor
Laughtisse,Margie
Gohn,Chuck
Synnot,Nanette
Eustes,Leroy
Proud,Leora
Weston,Thorsten
Rayworth,Buddy
Worsley,Lacey
Barks,Krissie
Wolton,Mignon
Witherow,Martainn
Polack,Hugo
Brankley,Sunny
Cella,Fabien
Burlingame,Erik
Hemstead,Shermy
Harold,Marleah
Esser,Candi
Culleton,Hatti
Clac,Abagail
Posselwhite,Katheryn
Burnyeat,Gardy
Mohammed,Conant
Danton,Penny
Hardie,Bram
Dupoy,Amalee
Perche,Regan
Quigley,Janelle
Leads,Ermin
Pulham,Jandy
Phethean,Kacie
Dinsey,Teirtza
Woodfine,Harri
Nowick,Ferd
Poytheras,Tamera
Beardshall,Gregoire
Butson,Maisey
